PRAGMA foreign_keys=OFF;
BEGIN TRANSACTION;
CREATE TABLE `SequelizeMeta` (`name` VARCHAR(255) NOT NULL UNIQUE PRIMARY KEY);
INSERT INTO SequelizeMeta VALUES('20240904223350-create-users.js');
INSERT INTO SequelizeMeta VALUES('20240904223400-create-spots.js');
INSERT INTO SequelizeMeta VALUES('20240904223410-create-bookings.js');
INSERT INTO SequelizeMeta VALUES('20240904223420-create-reviews.js');
INSERT INTO SequelizeMeta VALUES('20240904223430-create-review-images.js');
INSERT INTO SequelizeMeta VALUES('20240904223440-create-spot-images.js');
CREATE TABLE `Users` (`id` INTEGER PRIMARY KEY AUTOINCREMENT, `firstName` VARCHAR(255) NOT NULL, `lastName` VARCHAR(255) NOT NULL, `userName` VARCHAR(255) NOT NULL UNIQUE, `hashedPassword` VARCHAR(255) NOT NULL, `email` VARCHAR(255) NOT NULL UNIQUE, `createdAt` DATETIME NOT NULL, `updatedAt` DATETIME NOT NULL);
INSERT INTO Users VALUES(1,'Demo','lition','Demo-lition','$2a$10$UCSaJ4ajILRPLrmHqvrz9e7MFQUMwD0x0LXsyDsLWtwoPNoncK6iy','demo@user.io','2024-09-11 03:57:27.649 +00:00','2024-09-11 03:57:27.649 +00:00');
INSERT INTO Users VALUES(2,'Fake','User','FakeUser1','$2a$10$3bFzuET7qL6mX1r5.5w84OHsgQ/AAD0FFlZ1XC8VCLpu1MedtrXV.','user1@user.io','2024-09-11 03:57:27.649 +00:00','2024-09-11 03:57:27.649 +00:00');
INSERT INTO Users VALUES(3,'Faker','User','FakeUser2','$2a$10$eG5RozleSP.b26UyDEguZuickcADmGqKVnRunhIHPCnJqmJjFjIYa','user2@user.io','2024-09-11 03:57:27.649 +00:00','2024-09-11 03:57:27.649 +00:00');
CREATE TABLE `Spots` (`id` INTEGER PRIMARY KEY AUTOINCREMENT, `ownerId` INTEGER NOT NULL REFERENCES `Users` (`id`) ON DELETE CASCADE, `address` VARCHAR(255) NOT NULL, `city` VARCHAR(255) NOT NULL, `state` VARCHAR(255) NOT NULL, `country` VARCHAR(255) NOT NULL, `lat` FLOAT NOT NULL, `lng` FLOAT NOT NULL, `name` VARCHAR(255) NOT NULL, `description` VARCHAR(255), `price` FLOAT NOT NULL, `createdAt` DATETIME NOT NULL DEFAULT CURRENT_TIMESTAMP, `updatedAt` DATETIME NOT NULL DEFAULT CURRENT_TIMESTAMP);
INSERT INTO Spots VALUES(1,1,'123 Disney Lane','San Francisco','California','United States of America',37.76453579999999732,-122.4730327000000045,'App Academy','Place where web developers are created',123.0,'2024-09-11 03:57:27.662 +00:00','2024-09-11 03:57:27.662 +00:00');
INSERT INTO Spots VALUES(2,1,'129 Disney Lane','San Francisco','California','United States of America',43.76453579999999732,-132.4730327000000045,'App Academy admission office','Place where web developers are accepted',129.0,'2024-09-11 03:57:27.662 +00:00','2024-09-11 03:57:27.662 +00:00');
INSERT INTO Spots VALUES(3,1,'135 Disney Lane','San Francisco','California','United States of America',50.76453579999999733,-145.4730327000000045,'App Academy','help office',145.0,'2024-09-11 03:57:27.662 +00:00','2024-09-11 03:57:27.662 +00:00');
INSERT INTO Spots VALUES(4,3,'485 Development Way','San Francisco','California','United States of America',37.76453579999999732,-122.4730327000000045,'Shutter Island','Nice comfy cot',123.0,'2024-09-11 03:57:27.662 +00:00','2024-09-11 03:57:27.662 +00:00');
INSERT INTO Spots VALUES(5,3,'9245 Main Street N','Paris','Texas','United States of America',48.12345760000000183,-129.4793338000000062,'Residence Inn','Three bedroom suite with kitchenette and kitchen with island',285.0,'2024-09-11 03:57:27.662 +00:00','2024-09-11 03:57:27.662 +00:00');
CREATE TABLE `Bookings` (`id` INTEGER PRIMARY KEY AUTOINCREMENT, `userId` INTEGER NOT NULL REFERENCES `Users` (`id`) ON DELETE CASCADE, `spotId` INTEGER NOT NULL REFERENCES `Spots` (`id`) ON DELETE CASCADE, `startDate` DATETIME NOT NULL, `endDate` DATETIME NOT NULL, `createdAt` DATETIME NOT NULL, `updatedAt` DATETIME NOT NULL);
INSERT INTO Bookings VALUES(1,1,1,'2024-09-15 00:00:00.000 +00:00','2024-09-16 00:00:00.000 +00:00','2024-09-11 03:57:27.670 +00:00','2024-09-11 03:57:27.670 +00:00');
INSERT INTO Bookings VALUES(2,1,2,'2024-09-24 00:00:00.000 +00:00','2024-09-25 00:00:00.000 +00:00','2024-09-11 03:57:27.670 +00:00','2024-09-11 03:57:27.670 +00:00');
INSERT INTO Bookings VALUES(3,3,5,'2024-10-31 00:00:00.000 +00:00','2024-11-01 00:00:00.000 +00:00','2024-09-11 03:57:27.670 +00:00','2024-09-11 03:57:27.670 +00:00');
CREATE TABLE `Reviews` (`id` INTEGER PRIMARY KEY AUTOINCREMENT, `spotId` INTEGER NOT NULL REFERENCES `Spots` (`id`) ON DELETE CASCADE, `userId` INTEGER NOT NULL REFERENCES `Users` (`id`) ON DELETE CASCADE, `review` VARCHAR(255) NOT NULL, `stars` FLOAT NOT NULL, `createdAt` DATETIME NOT NULL DEFAULT CURRENT_TIMESTAMP, `updatedAt` DATETIME NOT NULL DEFAULT CURRENT_TIMESTAMP);
INSERT INTO Reviews VALUES(1,4,2,'This place gives me the creeps!!',1.5,'2024-09-11 03:57:27.667 +00:00','2024-09-11 03:57:27.667 +00:00');
INSERT INTO Reviews VALUES(2,5,1,'I really like this place!',5.0,'2024-09-11 03:57:27.667 +00:00','2024-09-11 03:57:27.667 +00:00');
INSERT INTO Reviews VALUES(3,2,3,'Great place!',4.5,'2024-09-11 03:57:27.667 +00:00','2024-09-11 03:57:27.667 +00:00');
CREATE TABLE `ReviewImages` (`id` INTEGER PRIMARY KEY AUTOINCREMENT, `reviewId` INTEGER NOT NULL REFERENCES `Reviews` (`id`) ON DELETE CASCADE, `url` VARCHAR(255) NOT NULL, `createdAt` DATETIME NOT NULL DEFAULT CURRENT_TIMESTAMP, `updatedAt` DATETIME NOT NULL DEFAULT CURRENT_TIMESTAMP);
INSERT INTO ReviewImages VALUES(1,1,'https://placehold.co/600x400/png','2024-09-11 03:57:27.675 +00:00','2024-09-11 03:57:27.675 +00:00');
INSERT INTO ReviewImages VALUES(2,2,'https://placehold.co/600x400/png','2024-09-11 03:57:27.675 +00:00','2024-09-11 03:57:27.675 +00:00');
INSERT INTO ReviewImages VALUES(3,3,'https://placehold.co/600x400/png','2024-09-11 03:57:27.675 +00:00','2024-09-11 03:57:27.675 +00:00');
CREATE TABLE `SpotImages` (`id` INTEGER PRIMARY KEY AUTOINCREMENT, `spotId` INTEGER NOT NULL REFERENCES `Spots` (`id`) ON DELETE CASCADE, `url` VARCHAR(255) NOT NULL, `preview` TINYINT(1) NOT NULL DEFAULT 0, `createdAt` DATETIME NOT NULL DEFAULT CURRENT_TIMESTAMP, `updatedAt` DATETIME NOT NULL DEFAULT CURRENT_TIMESTAMP);
INSERT INTO SpotImages VALUES(1,1,'https://placehold.co/600x400/png',1,'2024-09-11 03:57:27.678 +00:00','2024-09-11 03:57:27.678 +00:00');
INSERT INTO SpotImages VALUES(2,2,'https://placehold.co/600x400/png',1,'2024-09-11 03:57:27.678 +00:00','2024-09-11 03:57:27.678 +00:00');
INSERT INTO SpotImages VALUES(3,3,'https://placehold.co/600x400/png',0,'2024-09-11 03:57:27.678 +00:00','2024-09-11 03:57:27.678 +00:00');
INSERT INTO SpotImages VALUES(4,4,'https://placehold.co/600x400/png',0,'2024-09-11 03:57:27.678 +00:00','2024-09-11 03:57:27.678 +00:00');
INSERT INTO SpotImages VALUES(5,5,'https://placehold.co/600x400/png',1,'2024-09-11 03:57:27.678 +00:00','2024-09-11 03:57:27.678 +00:00');
CREATE TABLE `SequelizeData` (`name` VARCHAR(255) NOT NULL UNIQUE PRIMARY KEY);
INSERT INTO SequelizeData VALUES('20240910220255-demo-users.js');
INSERT INTO SequelizeData VALUES('20240910220307-demo-spots.js');
INSERT INTO SequelizeData VALUES('20240910220327-demo-reviews.js');
INSERT INTO SequelizeData VALUES('20240910220335-demo-bookings.js');
INSERT INTO SequelizeData VALUES('20240910220412-demo-review-images.js');
INSERT INTO SequelizeData VALUES('20240910220433-demo-spot-images.js');
DELETE FROM sqlite_sequence;
INSERT INTO sqlite_sequence VALUES('Users',3);
INSERT INTO sqlite_sequence VALUES('Spots',5);
INSERT INTO sqlite_sequence VALUES('Reviews',3);
INSERT INTO sqlite_sequence VALUES('Bookings',3);
INSERT INTO sqlite_sequence VALUES('ReviewImages',3);
INSERT INTO sqlite_sequence VALUES('SpotImages',5);
COMMIT;
